[
  {
    "id": "hobby-560-kmfe-2019",
    "brand": "Hobby",
    "model": "560 KMFe",
    "yearFrom": 2018,
    "yearTo": 2020,
    "specs": {
      "lengthMm": 7600,
      "widthMm": 2300,
      "heightMm": 2600,
      "mtplmKg": 1750,
      "payloadKg": 250,
      "sleepingPlaces": 6,
      "layout": "Etagenbett + Querbett"
    },
    "issues": [
      {
        "id": "feuchte-bug-1",
        "title": "Feuchtigkeit im Bugbereich",
        "category": "Feuchtigkeit",
        "typicality": "gelegentlich",
        "yearRange": "2018–2020",
        "symptoms": [
          "muffiger Geruch",
          "weiche Stellen an Kanten",
          "Stockflecken"
        ],
        "checkTips": [
          "Feuchtemessung an Bug-/Eckleisten",
          "Dichtungen (Fenster/Leisten) prüfen"
        ],
        "notes": "Vor allem nach langen Standzeiten oder nach dem Winterlager prüfen.",
        "sources": []
      }
    ]
  },
  {
    "id": "knaus-sport-500-fdk-2017",
    "brand": "Knaus",
    "model": "Sport 500 FDK",
    "yearFrom": 2016,
    "yearTo": 2018,
    "specs": {
      "lengthMm": 7310,
      "widthMm": 2320,
      "heightMm": 2570,
      "mtplmKg": 1500,
      "payloadKg": 200,
      "sleepingPlaces": 5,
      "layout": "Etagenbett + Bug-Doppelbett"
    },
    "issues": [
      {
        "id": "wasser-pumpe-1",
        "title": "Wasserpumpe / Druckschalter zickt",
        "category": "Wasser",
        "typicality": "gelegentlich",
        "yearRange": "2016–2018",
        "symptoms": [
          "Pumpe läuft nach",
          "unregelmäßiger Druck",
          "Wasserfluss schwankt"
        ],
        "checkTips": [
          "Druckschalter testen",
          "Filter/Siebe reinigen",
          "Dichtheit Leitungen prüfen"
        ],
        "notes": "Oft ein kleines Wartungsthema; Ersatzteile meist günstig.",
        "sources": []
      }
    ]
  },
  {
    "id": "adria-altea-552-pk-2015",
    "brand": "Adria",
    "model": "Altea 552 PK",
    "yearFrom": 2014,
    "yearTo": 2016,
    "specs": {
      "lengthMm": 7350,
      "widthMm": 2300,
      "heightMm": 2580,
      "mtplmKg": 1500,
      "payloadKg": 250,
      "sleepingPlaces": 6,
      "layout": "Stockbett + Bugbett"
    },
    "issues": [
      {
        "id": "fenster-rahmen-1",
        "title": "Fenster-/Dachhauben-Dichtungen altern",
        "category": "Aufbau",
        "typicality": "häufig",
        "yearRange": "2014–2016",
        "symptoms": [
          "Feuchtigkeit um Rahmen",
          "verfärbte Dichtung",
          "kleine Risse"
        ],
        "checkTips": [
          "Dichtungen visuell prüfen",
          "Feuchtemessung rund um Öffnungen",
          "Dichtmasse/Leisten checken"
        ],
        "notes": "Regelmäßige Dichtheitsprüfung spart später große Schäden.",
        "sources": []
      }
    ]
  }
]